<?xml version="1.0" encoding="utf-8"?>
<class xsi:noNamespaceSchemaLocation="studentOBYBZK.xsd" xmlns:xsi="http://www.w3.org/2001/XMLSchema-instance">
	<student id="01">
		<vezeteknev>Bajusz</vezeteknev>
		<keresztnev>Istvan</keresztnev>
		<becenev>Pityu</becenev>
		<kor>23</kor>
	</student>
	<student id="02">
		<vezeteknev>Kovacs</vezeteknev>
		<vezeteknev>Bela</vezeteknev>
		<becenev>Beci</becenev>
		<kor>28</kor>
	</student>
	<student id="03">
		<vezeteknev>Nagy</vezeteknev>
		<keresztnev>Laszlo</keresztnev>
		<becenev>Laci</becenev>
		<kor>21</kor>
	</student>
</class>