<?xml version="1.0" encoding="UTF-8" standalone="no"?><etel_rendeles xmlns:xsi="http://www.w3.org/2001/XMLSchema-instance" xsi:noNamespaceSchemaLocation="file:XMLSchemaObybzk.xsd">
    <etelek>
        <etel Adoszam="123456789101" Etel_ID="01">
            <etel_neve>hamburger</etel_neve>
            <ar>1790</ar>
            <hozzavalok>buci, huspogacsa, paradicsom, szoszok, salata</hozzavalok>
        </etel>
        <etel Adoszam="123456789102" Etel_ID="02">
            <etel_neve>pizza</etel_neve>
            <ar>2590</ar>
            <hozzavalok>paradicsomos alap, sonka, gomba, kukorica, sajt, csirkemell</hozzavalok>
        </etel>
        <etel Adoszam="123456789103" Etel_ID="03">
            <etel_neve>gyros</etel_neve>
            <ar>2390</ar>
            <hozzavalok>gyros hus, zoldsegek, hasabburgonya, szosz</hozzavalok>
        </etel>
    </etelek>
    <ettermek>
        <etterem Adoszam="123456789101">
            <etterem_neve>Elso etterem</etterem_neve>
            <telefonszam>06301234123</telefonszam>
            <nyitvatartas>
                <tol>8</tol>
                <ig>18</ig>
            </nyitvatartas>
        </etterem>
        <etterem Adoszam="123456789102">
            <etterem_neve>Masodik etterem</etterem_neve>
            <telefonszam>06201234123</telefonszam>
            <nyitvatartas>
                <tol>8</tol>
                <ig>22</ig>
            </nyitvatartas>
        </etterem>
        <etterem Adoszam="123456789103">
            <etterem_neve>Harmadik etterem</etterem_neve>
            <telefonszam>06701234123</telefonszam>
            <nyitvatartas>
                <tol>10</tol>
                <ig>18</ig>
            </nyitvatartas>
        </etterem>
    </ettermek>
    <vasarlok>
        <vasarlo Adoszam="123456789101" Futar_ID="11" Rendeles_ID="1">
            <nev>Nagy Bela</nev>
            <telefonszam>06301234567</telefonszam>
            <lakcim>
                <iranyitoszam>3600</iranyitoszam>
                <varos>Ozd</varos>
                <utca>Kossuth</utca>
                <hazszam>12</hazszam>
            </lakcim>
        </vasarlo>
        <vasarlo Adoszam="123456789102" Futar_ID="12" Rendeles_ID="2">
            <nev>Kovacs Andrea</nev>
            <telefonszam>06701234567</telefonszam>
            <lakcim>
                <iranyitoszam>2220</iranyitoszam>
                <varos>Vecses</varos>
                <utca>Fo</utca>
                <hazszam>3</hazszam>
            </lakcim>
        </vasarlo>
        <vasarlo Adoszam="123456789103" Futar_ID="13" Rendeles_ID="3">
            <nev>Kiss Sandor</nev>
            <telefonszam>06201234567</telefonszam>
            <lakcim>
                <iranyitoszam>1098</iranyitoszam>
                <varos>Budapest</varos>
                <utca>Petofi</utca>
                <hazszam>42</hazszam>
            </lakcim>
        </vasarlo>
    </vasarlok>
    <futarok>
        <futar Adoszam="123456789101" Futar_ID="11">
            <nev>Kiss Bela</nev>
            <auto>suzuki</auto>
            <telefonszam>06309876543</telefonszam>
            <munkaKezdete>2005</munkaKezdete>
        </futar>
        <futar Adoszam="123456789102" Futar_ID="12">
            <nev>Kovacs Ferenc</nev>
            <auto>toyota</auto>
            <telefonszam>06309876543</telefonszam>
            <munkaKezdete>2019</munkaKezdete>
        </futar>
        <futar Adoszam="123456789103" Futar_ID="13">
            <nev>Nemeth Sandor</nev>
            <auto>opel</auto>
            <telefonszam>06309876543</telefonszam>
            <munkaKezdete>2021</munkaKezdete>
        </futar>
    </futarok>
</etel_rendeles>